# (2022) Jekyll --> Hugo Migration
/feed.xml /rss.xml 301

/email-me /contact/ 301
/gallery/theatre /pdf/taylor-smith-resume-theatrical.pdf 301
/file/resume /pdf/taylor-smith-resume.pdf 301
/resume /pdf/taylor-smith-resume.pdf 301

# (2017) Drupal --> Jekyll/S3 Migration
/article/custom-styles-wordpress-visual-editor /blog/2013/wordpress-theme-editor/
/article/gittin-started-pantheon-multidev-fk /blog/2013/pantheon-multidev/
/article/change-page-template-based-panels-layout /blog/2013/panels-page-tpl/
/article/nodejs-rpi-ikea-trophy-lighting /blog/2013/ikea-raspberry-pi-light/
/article/building-personalized-portfolio-experience-drupal-7 /blog/2013/drupal-7-portfolio-experience/
/article/rescuing-myself-email-monster-javascript-fk /blog/2014/scripting-gmail/
/article/callboard /blog/2014/callboard-theatre-js/
/article/nth-child-mathematics /blog/2014/nth-child-math/
/article/cleaner-history-interactive-commit-building-git /blog/2016/git-interactive-adding/

# (2024) Selected portfolio projects --> blog posts reorg
/project/nsac-2010/                        /blog/2010/nsac-2010/                      301
/project/2010-texas-commencement/          /blog/2010/2010-texas-commencement/        301
/project/graduation-announcement/          /blog/2011/graduation-announcement/        301
/project/chorus-line/                      /blog/2011/chorus-line/                    301
/project/addy45/                           /blog/2012/addy45/                         301
/project/williams/                         /blog/2012/williams/                       301
/project/downtown-coordinating-council/    /blog/2012/downtown-coordinating-council/  301
/project/greenroom/                        /blog/2012/greenroom/                      301
/project/tristesse-grief-center-website/   /blog/2012/tristesse-grief-center-website/ 301
/project/guthrie-green/                    /blog/2012/guthrie-green/                  301
/project/tulsa-international-airport/      /blog/2012/tulsa-international-airport/    301
/project/scrummy/                          /blog/2013/scrummy/                        301
/project/policy-of-truth/                  /blog/2013/policy-of-truth/                301
/project/university-policy-office/         /blog/2013/university-policy-office/       301
/project/world-pulse/                      /blog/2015/world-pulse/                    301
/project/forcepoint/                       /blog/2016/forcepoint/                     301
/project/intro-singularity/                /blog/2016/intro-singularity/              301
/project/estimate-to-iterate/              /blog/2019/estimate-to-iterate/            301
/project/support-tiers-of-service/         /blog/2019/support-tiers-of-service/       301
